id,keyword,tweet_text,author,twitter_name,tweet_url,rt_count,fav_count,created_at,subjectivity,polarity,analysis
1608849423702040064,ChatGPT,ChatGPT a ses limites. https://t.co/xc4QapKmJe,Netflix France,NetflixFR,https://twitter.com/twitter/statuses/1608849423702036487,91,2335,2022-12-30,0.0,0.0,NEUTRAL
1608850460173299968,BTC,"$BTC best guess for high of 2023?

Mine is 35k",Cheds (Trading Quotes),BigCheds,https://twitter.com/twitter/statuses/1608850460173303811,175,2154,2022-12-30,0.42,0.58,POSITIVE
1608851056607350016,Apple,"For someone who brags about his riches, his taxes show he is a loser ‚Äîbiz losses of $105m in 2015, $73m in 2016, $4‚Ä¶ https://t.co/sb4i3FgbMc",Jackie Speier,RepSpeier,https://twitter.com/twitter/statuses/1608851056607350785,5906,24106,2022-12-30,0.0,0.0,NEUTRAL
1608856425325029888,BTC,NEW: üáÆüáπ Italian to tax cryptocurrency gains at 26% starting in 2023 - Coindesk‚Ä¶ https://t.co/bR0uRiI5Yh,Bitcoin Archive,BTC_Archive,https://twitter.com/twitter/statuses/1608856425325031427,328,2269,2022-12-30,0.18484849,0.045454547,POSITIVE
1608875621240930048,BTC,"CATHIE WOOD: SBF did not like #Bitcoin: because of its decentralization and transparency, he could not control it.  üéØ",Bitcoin Archive,BTC_Archive,https://twitter.com/twitter/statuses/1608875621240934401,381,3334,2022-12-30,0.0,0.0,NEUTRAL
1608891474531480064,ChatGPT,I asked ChatGPT to write a story from the perspective of an inter-dimensional being that resides at Skinwalker Ranc‚Ä¶ https://t.co/Q2smir68Uz,Project Unity,TheProjectUnity,https://twitter.com/twitter/statuses/1608891474531483648,77,561,2022-12-30,0.0,0.0,NEUTRAL
1608900055762870016,BTC,"I‚Äôm bullish on #Bitcoin bc‚Ä¶ 
I‚Äôm bullish on adoption, and‚Ä¶
I‚Äôm bullish on HODLers

üöÄ",Bitcoin Archive,BTC_Archive,https://twitter.com/twitter/statuses/1608900055762866176,168,1870,2022-12-30,0.0,0.0,NEUTRAL
1608905377411749888,BTC,$USD liq is crashing due RRP pumping most likely due to yr end window dressing. Also US treasury is raising TGA whi‚Ä¶ https://t.co/bSGYitiTP3,Arthur Hayes,CryptoHayes,https://twitter.com/twitter/statuses/1608905377411747848,46,537,2022-12-30,0.5625,0.0625,POSITIVE
1608910253508430080,BTC,"Just why does @saylor keep buying Bitcoin? #BTC

We looked at the top 5 reasons why over on our Youtube:‚Ä¶ https://t.co/dsda7sNdN2",Gollum's Gems,GollumsGems,https://twitter.com/twitter/statuses/1608910253508427776,73,96,2022-12-30,0.5,0.5,POSITIVE
1608913513166109952,BTC,BlackRock is among a group of creditors that lent money to Bitcoin miner Core Scientific so that it can continue to‚Ä¶ https://t.co/cWj7On4Vcs,Bloomberg Markets,markets,https://twitter.com/twitter/statuses/1608913513166114817,71,154,2022-12-30,0.0,0.0,NEUTRAL
1608954426420780032,BTC,$BTC is never going to hit another all time high. It will never reach the levels of hype it had during 2020-2021,depression BTC,depression2019,https://twitter.com/twitter/statuses/1608954426420776960,115,1841,2022-12-30,0.54,0.16,POSITIVE
1608958403858299904,BTC,Question: Why are the mainstream detractors of BTC also the same people who want to roll out CBDC? If the former is‚Ä¶ https://t.co/x4CZtqoiIQ,Se√°n Ono Lennon,seanonolennon,https://twitter.com/twitter/statuses/1608958403858300930,68,552,2022-12-30,0.0625,0.0,NEUTRAL
1608996309897469952,ChatGPT,"The one thing we know works for education is 1-1 tutoring vs one-to-many classroom

1-1 tutoring with humans for ev‚Ä¶ https://t.co/BrPPxkK1No",Alexandr Wang,alexandr_wang,https://twitter.com/twitter/statuses/1608996309897465856,125,889,2022-12-31,0.0,0.0,NEUTRAL
1609014533867049984,BTC,"$BTC / #NASDAQ 

Correction began April 2021. https://t.co/SWkWZyA4OB",TechDev,TechDev_52,https://twitter.com/twitter/statuses/1609014533867053056,61,462,2022-12-31,0.0,0.0,NEUTRAL
1609019285589949952,BTC,"We are a 752,909X away from $BC being labeled the real $BTC. Do you buy a .022 $BC or do you buy a $16,570 #Bitcoin‚Ä¶ https://t.co/cN3PJ1ghXa",MOON KING B-ROOTS: GODFATHER OF CRYPTO,iambroots,https://twitter.com/twitter/statuses/1609019285589950466,45,156,2022-12-31,0.3,0.2,POSITIVE
1609025510331249920,ChatGPT,"üí• https://t.co/qi3M4xmoFc Top Gainers!

üöÄ @Squid_Grow #SQUIDGROW
üöÄ @TuziERC $TUZI
üöÄ @ChatGPT_ERC20 $AI
üöÄ‚Ä¶ https://t.co/8HXQ7kRYKY",CoinMerge.io,coinmerge,https://twitter.com/twitter/statuses/1609025510331252736,78,112,2022-12-31,0.5,625.0,POSITIVE
1609029660515480064,BTC,Join 1000s of #INFINISWAPPERS and sign up for the weekly news surrounding #DeFi $ICP $BTC $ETH and the wider‚Ä¶ https://t.co/Bw4ez6SO36,InfinitySwap #DFINITY,infinity_swap,https://twitter.com/twitter/statuses/1609029660515483649,42,105,2022-12-31,0.0,0.0,NEUTRAL
1609042816453280000,BTC,"Poloniex Weekly Highlights üìÖ

üéôÔ∏è AMA with @VoltInuOfficial 
 
üéÖ Poloniex New Year Giveaway, Deposit &amp; Trade to Win‚Ä¶ https://t.co/EZLGm05bR6",Poloniex Exchange,Poloniex,https://twitter.com/twitter/statuses/1609042816453283850,85,132,2022-12-31,0.45454547,0.13636364,POSITIVE
1609052076536890112,BTC,I woke up today and prayed that we hit 100k BTC today @TheMoonCarl https://t.co/eudqfpz01W,Davinci Jeremie,Davincij15,https://twitter.com/twitter/statuses/1609052076536889344,148,1690,2022-12-31,0.0,0.0,NEUTRAL
1609090246519539968,Apple,"If you are neurodivergent, listen up: 

DO NOT BUY THAT PLANNER FOR 2023! 

Go on Canva, find/make a blank planner‚Ä¶ https://t.co/oJGtlVz77x","Imani Barbarin, MAGC | Crutches&Spice ‚ôøÔ∏è",Imani_Barbarin,https://twitter.com/twitter/statuses/1609090246519541763,2549,20684,2022-12-31,0.0,0.0,NEUTRAL
1609106798119719936,BTC,"For G3 Mint Pass Holders only. 

I‚Äôm giving $100 in $BTC to one G3Vrse Pass Holder! üéâ

To Be Eligible:
üíú Like / RT‚Ä¶ https://t.co/N3WKtWuSQU",David Gokhshtein,davidgokhshtein,https://twitter.com/twitter/statuses/1609106798119718913,246,300,2022-12-31,1.0,0.0,NEUTRAL
1609108401438759936,ChatGPT,"Do you write ""thank you"" to ChatGPT after it helps you? I got no idea why, but I do",Nick Davidov,Nick_Davidov,https://twitter.com/twitter/statuses/1609108401438756866,113,3168,2022-12-31,0.0,0.0,NEUTRAL
1609110678358449920,BTC,0.28 #btc is all you will need to retire in 10 years.,Davinci Jeremie,Davincij15,https://twitter.com/twitter/statuses/1609110678358446080,738,6079,2022-12-31,0.0,0.0,NEUTRAL
1609168775060009984,Apple,"Ending the year with the most expensive tweet üòÖ 

How many Apple products did you buy this year? https://t.co/ycHRUCYrUS",Apple Hub,theapplehub,https://twitter.com/twitter/statuses/1609168775060008962,436,7627,2022-12-31,0.56666666,0.16666667,POSITIVE
1609199580331259904,Apple,"THE ENTIRE SERIES OF THE CHINA FILES HAS BEEN RELEASED

Here are links to watch / listen to tall 4 parts. Many are‚Ä¶ https://t.co/MUZ5vyf4e3",Jack Posobiec üá∫üá∏,JackPosobiec,https://twitter.com/twitter/statuses/1609199580331257857,625,1487,2022-12-31,0.5625,0.25,POSITIVE
1609242201581560064,ChatGPT,"ChatGPT for SEO: 20 Ways to Leverage ChatGPT in your SEO Activities ü§ñ

* Cluster keywords based on relevance
* Clas‚Ä¶ https://t.co/DBtjilNqcG",Aleyda Solis üá∫üá¶,aleyda,https://twitter.com/twitter/statuses/1609242201581559809,892,4152,2022-12-31,0.0,0.0,NEUTRAL
1609242823613680128,ChatGPT,"My tools for learning to code new things:

‚Ä¢ ChatGPT - for custom programming tutorials
‚Ä¢ Codespaces - for custom e‚Ä¶ https://t.co/TCPduvgvlZ",elvis,omarsar0,https://twitter.com/twitter/statuses/1609242823613681664,244,1491,2022-12-31,0.45454547,0.13636364,POSITIVE
1609248115152000000,Apple,"It‚Äôs fundamentally corrupt for any member of Congress to name a damn thing after themselves.

When you‚Äôre in Congre‚Ä¶ https://t.co/JNMvo64lxW",Ted Cruz,tedcruz,https://twitter.com/twitter/statuses/1609248115151994882,1235,10958,2022-12-31,1.0,-0.5,NEGATIVE
1609248270148039936,Apple,"The first unionized Amazon warehouse in the U.S.
The first unionized Chipotle in the U.S.
The first unionized Apple‚Ä¶ https://t.co/nlCDTWbmKY",Robert Reich,RBReich,https://twitter.com/twitter/statuses/1609248270148042754,1932,10722,2022-12-31,0.33333334,0.25,POSITIVE
1609340647797890048,BTC,"When #CORE mainnet? üåê @HuobiGlobal is ready! They've said they will monitor the upgrades! üëÄ Are you? 

@Coredao_Org‚Ä¶ https://t.co/Wx8FaCGcAK",BSC News,BSCNews,https://twitter.com/twitter/statuses/1609340647797886976,755,2532,2023-01-01,0.5,0.3125,POSITIVE
1609443293963909888,Apple,Can‚Äôt get enough of this story. Greta Thunberg ends year with one of the greatest tweets in history - The Guardian https://t.co/nzQ4wSY2Ti,Katie Couric,katiecouric,https://twitter.com/twitter/statuses/1609443293963907074,811,7908,2023-01-01,0.75,0.5,POSITIVE
1609465422386170112,Apple,"Big year coming in tech. 

Three major products coming from @OpenAI, @tesla, @apple. 

All heavy on AI.  

It feels‚Ä¶ https://t.co/T7whWNh7hh",Robert Scoble,Scobleizer,https://twitter.com/twitter/statuses/1609465422386171904,367,5816,2023-01-01,0.36666667,-0.045833334,NEGATIVE
1609535166619290112,Apple,"Start thanking God for what He‚Äôs done. Start bragging on His goodness. Start declaring victory over your life. 

Tu‚Ä¶ https://t.co/rgZUEkBJUV",Joel Osteen,JoelOsteen,https://twitter.com/twitter/statuses/1609535166619287553,612,4242,2023-01-01,0.0,0.0,NEUTRAL
1609557682171650048,Apple,".@GloTheofficial and @iamcardib's ""Tomorrow 2"" has re-entered the top 10 on US Apple Music.",chart data,chartdata,https://twitter.com/twitter/statuses/1609557682171650050,340,2292,2023-01-01,0.5,0.5,POSITIVE
1609587110725710080,ChatGPT,Sometimes... I start Googling something and then realize it's better to ask ChatGPT instead,Andrej ‚ö°Ô∏è,reactive_dude,https://twitter.com/twitter/statuses/1609587110725713922,157,1378,2023-01-01,0.5,0.5,POSITIVE
1609615826931399936,ChatGPT,"Best reads of 2022, Writing video scripts using ChatGPT and the most photographed places on Earth.

üßµ My 10 favorite tweets of the week:",Aadit Sheth,aaditsh,https://twitter.com/twitter/statuses/1609615826931404800,189,926,2023-01-01,0.6,0.6666667,POSITIVE
1609635268599879936,ChatGPT,"Can‚Äôt think of a good New Year‚Äôs resolution? I asked ChatGPT for some ambitious ideas and concrete first steps.

Th‚Ä¶ https://t.co/PhJHVrZVNE",Ethan Mollick,emollick,https://twitter.com/twitter/statuses/1609635268599881734,52,260,2023-01-01,0.48757577,0.29727274,POSITIVE
1609653553307739904,Apple,"Apple Stores in Remote Locales: Apple Mt. Logan üèîÔ∏è
Apple Mt. Logan is locate at the summit of North America‚Äôs secon‚Ä¶ https://t.co/vcGVlPoR6S",Basic Apple Guy,BasicAppleGuy,https://twitter.com/twitter/statuses/1609653553307742208,309,4562,2023-01-01,0.2,-0.1,NEGATIVE
1609664451145329920,BTC,Sad to see even an OG #Bitcoin Core Developer lost 200+ BTC ($3.5 million). Self custody have a different set of ri‚Ä¶ https://t.co/6SbGlI7mjT,CZ üî∂ Binance,cz_binance,https://twitter.com/twitter/statuses/1609664451145334784,689,4281,2023-01-01,0.8,-0.25,NEGATIVE
1609680137825530112,ChatGPT,The first full semester in a post-ChatGPT world is about to start. And while instructors have reasons to be worry a‚Ä¶ https://t.co/gzOcpcj8Uc,Ethan Mollick,emollick,https://twitter.com/twitter/statuses/1609680137825525760,222,806,2023-01-01,0.44166666,0.3,POSITIVE
1609706397071040000,ChatGPT,"Top 100 of #SEOFOMO in 2022 ü§© 

Check out the most popular articles, resources and news shared in the newsletter in‚Ä¶ https://t.co/e0TNdznx1o",Aleyda Solis üá∫üá¶,aleyda,https://twitter.com/twitter/statuses/1609706397071036416,47,236,2023-01-02,0.6333333,0.53333336,POSITIVE
1609763626306650112,ChatGPT,"ChatGPT is an insanely powerful tool for content creation.

But it can be hard to get the right outputs.

Here are‚Ä¶ https://t.co/qt6ugddG65",Devin McPaul,devinmcpaul,https://twitter.com/twitter/statuses/1609763626306654208,98,536,2023-01-02,0.6924603,0.098015875,POSITIVE
1609795807901029888,Apple,.@BLACKPINK‚Äôs ‚ÄúJISOO‚Äù is currently Trending in United States at 1:00am ET at #6. Currently Trending at the Big Appl‚Ä¶ https://t.co/XBq9NZh82c,BLACKPINK BLINK UNION üíï,BBU_BLACKPINK,https://twitter.com/twitter/statuses/1609795807901028356,377,1148,2023-01-02,0.3,0.0,NEUTRAL
1609824231293850112,BTC,"üó£Ô∏è I will send $50 #BNB¬†or #BTC¬† in 24 hours to someone who follows me, likes and retweet this tweet.

Good luck fam ü´°üíõ",John Squire,JuanfraEscudero,https://twitter.com/twitter/statuses/1609824231293845511,2538,2647,2023-01-02,0.6,0.7,POSITIVE
1609846667347660032,ChatGPT,We built an AI tool on ChatGPT that has had 100s of thousands of messages sent. There is an interesting observation‚Ä¶ https://t.co/Pf0HUdr0U5,Varun Mayya,VarunMayya,https://twitter.com/twitter/statuses/1609846667347660802,105,1268,2023-01-02,0.5,0.5,POSITIVE
1609849625342779904,ChatGPT,ChatGPT for SEO: 20 Ways to Leverage ChatGPT in your SEO Activities - https://t.co/T6tcB5vPe9 from @aleyda,Screaming Frog,screamingfrog,https://twitter.com/twitter/statuses/1609849625342783489,130,512,2023-01-02,0.0,0.0,NEUTRAL
1609912415289760000,ChatGPT,"ChatGPT is a FREE assistant.

But most people don‚Äôt know the best ways to use it.

Here are 8 ways ChatGPT can save‚Ä¶ https://t.co/H8unB4jr0N",Joe Speiser ‚ö°Ô∏è,jspeiser,https://twitter.com/twitter/statuses/1609912415289761795,12832,59637,2023-01-02,0.53333336,0.6333333,POSITIVE
1609947613951940096,BTC,NEW: üá≠üá∞ HONG KONG to allow retail investors trade #Bitcoin and crypto from 1st of June - Forkast,Bitcoin Archive,BTC_Archive,https://twitter.com/twitter/statuses/1609947613951938562,725,4292,2023-01-02,0.45454547,0.13636364,POSITIVE
1609982992188940032,Apple,"What are you creating: an atmosphere of doubt, worry, mediocrity?  Or an atmosphere of praise, an atmosphere of vic‚Ä¶ https://t.co/tJIJhGIddB",Joel Osteen,JoelOsteen,https://twitter.com/twitter/statuses/1609982992188936192,390,2644,2023-01-02,0.2,-0.2,NEGATIVE
1609992603214259968,BTC,"üëÄThe community is ready! ü§î #SatoshiPlus confirms the @Coredao_Org is imminent! Will the airdrop also be coming? 

S‚Ä¶ https://t.co/tjyv6mlhpB",BSC News,BSCNews,https://twitter.com/twitter/statuses/1609992603214258178,856,2910,2023-01-02,0.5,0.3125,POSITIVE
1610038013756829952,Apple,"Episode 67 with @WakaFlocka is out now. 

Watch on @ClubShayShay‚Äôs YouTube. Listen on Apple and Spotify. https://t.co/osBhY74pyp",shannon sharpe,ShannonSharpe,https://twitter.com/twitter/statuses/1610038013756833797,775,3732,2023-01-02,0.0,0.0,NEUTRAL
1610184542287190016,Apple,"After apple growers, workers of cement factories protest against Adani in Himachal Pradesh.

Cement transporters bu‚Ä¶ https://t.co/fEG1HE5xPg",Ashutosh Bhardwaj,ashubh,https://twitter.com/twitter/statuses/1610184542287187969,446,1171,2023-01-03,0.0,0.0,NEUTRAL
1610225658424069888,BTC,"#Bitcoin was launched on this day 14 years ago.

On the 3rd of January, 2009 Satoshi Nakamoto mined the genesis blo‚Ä¶ https://t.co/TNMT3wMYf5",Bitcoin Archive,BTC_Archive,https://twitter.com/twitter/statuses/1610225658424066049,906,4378,2023-01-03,0.0,0.0,NEUTRAL
1610251544846569984,ChatGPT,"ChatGPT combined with modern marketing is going to make people millions in 2023.

Here‚Äôs the system they‚Äôll use (an‚Ä¶ https://t.co/zfpLTnoQsT",Logan | Landing Pages,LoftedLearning,https://twitter.com/twitter/statuses/1610251544846565376,2871,14785,2023-01-03,0.3,0.2,POSITIVE
1610270197687980032,BTC,"BREAKING‚ÄºÔ∏è üá∫üá¶ 1,000 Pharmacies in Ukraine have enabled #Bitcoin and crypto payments. üôå",Bitcoin Archive,BTC_Archive,https://twitter.com/twitter/statuses/1610270197687980032,1014,6798,2023-01-03,0.0,0.0,NEUTRAL
1610290149631330048,BTC,üëÄ@SatoshiBtcs is building and building for its millions of members!ü§î The @Coredao_Org mainnet is imminent! And the‚Ä¶ https://t.co/03gxjc00qC,BSC News,BSCNews,https://twitter.com/twitter/statuses/1610290149631328257,775,2664,2023-01-03,0.0,0.0,NEUTRAL
1610290385565149952,BTC,"üí∏ $1,000 #Giveaway üí∏

We'll select 10 winners randomly and award $100 to each account! ü§ëü§ë

Rules: üëá

1Ô∏è‚É£ Tag 2 frie‚Ä¶ https://t.co/epp96mrLGo",Gamdom.com,gamdom,https://twitter.com/twitter/statuses/1610290385565147138,8997,9177,2023-01-03,0.5,-625.0,NEGATIVE
1610294312365100032,Apple,"TWICE Pre-Release English Single
""MOONLIGHT SUNRISE""

Worldwide Release on
2023.01.20 FRI 2PM KST/0AM EST

Digital‚Ä¶ https://t.co/bT0EALhI6F",TWICE,JYPETWICE,https://twitter.com/twitter/statuses/1610294312365101058,6801,35875,2023-01-03,0.10714286,-0.035714287,NEGATIVE
1610703527130680064,ChatGPT,"ChatGPT coming to Bing
DALL-E coming to Bing

I never thought I‚Äôd say this, but‚Ä¶ bring on the Bing comeback https://t.co/SqkcGJQxyx",Marques Brownlee,MKBHD,https://twitter.com/twitter/statuses/1610703527130677259,1151,15872,2023-01-04,0.0,0.0,NEUTRAL
1610799986094249984,ChatGPT,"""ChatGPT plagiarism"" is a complete non-issue. If you can't out-write a machine, what are you doing writing?",Marc Andreessen,pmarca,https://twitter.com/twitter/statuses/1610799986094247937,766,13079,2023-01-05,0.4,0.1,POSITIVE
1611357154514190080,ChatGPT,"11 ways ChatGPT saves me hours of work every day, and why you'll never outcompete those who use AI effectively.

A‚Ä¶ https://t.co/rcr8eNfZqX",Santiago,svpino,https://twitter.com/twitter/statuses/1611357154514186241,7318,35244,2023-01-06,0.8,0.6,POSITIVE
1611361249735889920,ChatGPT,"ChatGPT will change writing forever.

But it will also ruin many creators.

Here are the 7 best ways to use ChatGPT‚Ä¶ https://t.co/ghAOMyCnaW",Teddy Mitrosilis,TMitrosilis,https://twitter.com/twitter/statuses/1611361249735892992,1123,5199,2023-01-06,0.4,0.75,POSITIVE
1611722300554099968,BTC,‚ÄºÔ∏è BlackRock to add #Bitcoin exposure to $15 billion Global Allocation Fund with cash-settled futures.,Bitcoin Archive,BTC_Archive,https://twitter.com/twitter/statuses/1611722300554104836,1006,5792,2023-01-07,0.0,0.0,NEUTRAL
1611726526449339904,Apple,I have a new podcast! It's called Defending Democracy and it is available now on Apple Podcasts or wherever you lis‚Ä¶ https://t.co/CpllsmHYiC,Marc E. Elias,marceelias,https://twitter.com/twitter/statuses/1611726526449336323,331,1187,2023-01-07,0.42727274,0.28522727,POSITIVE
1611728688877370112,BTC,"üá∏üáª El Salvador's #Bitcoin city will be free of income, property, and capital gains taxes! üôå",Bitcoin Archive,BTC_Archive,https://twitter.com/twitter/statuses/1611728688877371392,865,6233,2023-01-07,0.8,0.5,POSITIVE
1611745051612440064,ChatGPT,"Ultimate ChatGPT Resource Guide

I've compiled ALL the content I have to date on Chat GPT covering everything from‚Ä¶ https://t.co/5xvfPy8LLG",Adrian Twarog ü¶ò,adrian_twarog,https://twitter.com/twitter/statuses/1611745051612438530,539,2041,2023-01-07,1.0,0.0,NEUTRAL
1611748525565669888,BTC,#Bitcoin¬†capital gains are not taxed in Portugal üçªüòé https://t.co/ipFOvUHeyl,Bitcoin Archive,BTC_Archive,https://twitter.com/twitter/statuses/1611748525565673473,485,4485,2023-01-07,0.0,0.0,NEUTRAL
1611755746441530112,ChatGPT,ChatGPT could either cause a massive unemployment in the tech space or it could end up being a useful tool for ever‚Ä¶ https://t.co/n5iYYV849k,Patrick Bet-David,patrickbetdavid,https://twitter.com/twitter/statuses/1611755746441531392,232,2568,2023-01-07,0.5,0.15,POSITIVE
1611779985832049920,Apple,"I reckon Apple could release the exact same phone 3 years running, but market it as if it's a new phone, and millio‚Ä¶ https://t.co/UWK52cfILZ",ZUBY:,ZubyMusic,https://twitter.com/twitter/statuses/1611779985832054784,557,9204,2023-01-07,0.27651516,0.12878788,POSITIVE
1611789795487030016,Apple,"Kevin Huerter:

‚ÄúI‚Äôm still learning a lot about the history of the Kings, so last night I went on YouTube and my di‚Ä¶ https://t.co/A5sVy0zw4S",Legion Hoops,LegionHoops,https://twitter.com/twitter/statuses/1611789795487027205,338,9623,2023-01-07,0.06666667,0.0,NEUTRAL
1611790996571930112,ChatGPT,"As I was playing with ChatGPT and it gave false, scripted answers to questions about Black Lives Matter, I realized‚Ä¶ https://t.co/OR524rOts6",Ben Kew üê∂,ben_kew,https://twitter.com/twitter/statuses/1611790996571930626,171,525,2023-01-07,0.51666665,-0.28333333,NEGATIVE
1611799580311539968,ChatGPT,ChatGPT to me seems to weld an English professor‚Äôs writing skills to an encyclopedia‚Äôs knowledge base and a kinderg‚Ä¶ https://t.co/dcRrTie06m,Tim Sweeney,TimSweeneyEpic,https://twitter.com/twitter/statuses/1611799580311539712,582,6622,2023-01-07,0.5,-0.4,NEGATIVE
1611828628085509888,BTC,"üî•üî•üî• @MaxKeiser Gifted Alex Jones 10,000 #Bitcoin ... Alex loses all the #BTC [boating accident?]‚õµÔ∏èü§£ https://t.co/cdenC6KRCP",Crypto News Alerts üî•üéô,CryptoNewsYes,https://twitter.com/twitter/statuses/1611828628085506048,43,206,2023-01-07,0.55,0.1,POSITIVE
1611834589252839936,Apple,"Dear @CPOntario, my clip on your witch hunt of @jordanbpeterson is about to reach 50,000 views and downloads on my‚Ä¶ https://t.co/uxHmN0kDDG",Gad Saad,GadSaad,https://twitter.com/twitter/statuses/1611834589252837376,546,2965,2023-01-07,0.0,0.0,NEUTRAL
1611837905999170048,BTC,BREAKING: #BTC HISTORICAL VOLATILITY ALL-TIME LOW! https://t.co/N6IoHCBRZM,MMCrypto,MMCrypto,https://twitter.com/twitter/statuses/1611837905999171591,151,998,2023-01-07,0.15,0.0,NEUTRAL
1611840286824560128,ChatGPT,Redditor from r/midjourney uses ChatGPT and Midjourney to troll r/AntiWork with the most obvious bait known to man.‚Ä¶ https://t.co/K4CNOiUOVl,Reddit Lies,reddit_lies,https://twitter.com/twitter/statuses/1611840286824562690,87,2722,2023-01-07,0.5,0.25,POSITIVE
1611843196446980096,BTC,#BTC: CRAZY GOOD NEWS!!!!!!! https://t.co/IgaXE1sKWl,MMCrypto,MMCrypto,https://twitter.com/twitter/statuses/1611843196446978049,252,1895,2023-01-07,0.75,0.2,POSITIVE
1611846748476999936,Apple,Nah apple dead got a class on how to use ya iPhone for old people üò≠üò≠üò≠üò≠üò≠üò≠üò≠ https://t.co/SNvqb31wL5,MIR‚òîÔ∏è,1RealMir,https://twitter.com/twitter/statuses/1611846748477001738,176,2015,2023-01-07,0.3,-0.05,NEGATIVE
1611847868196720128,Apple,"The devil is in the details‚Ä¶

More on #Verdict: Explosive Conclusion to the Speaker Fight - What It All Means

https://t.co/FgcAURoh56",Ted Cruz,tedcruz,https://twitter.com/twitter/statuses/1611847868196724749,82,493,2023-01-07,0.5,0.5,POSITIVE
1611850659120440064,Apple,I know some of you like listening to Jazz. So I collected all the jazz music in Dolby Atmos/Spatial Audio format th‚Ä¶ https://t.co/naWxCTTiD8,Robert Scoble,Scobleizer,https://twitter.com/twitter/statuses/1611850659120443393,48,569,2023-01-07,0.0,0.0,NEUTRAL
1611855617467219968,BTC,"#Bitcoin Wave 2 triple combination WXYXZ still possible, aligned with equities. Considering making primary and will‚Ä¶ https://t.co/6jAOIZlytN",DJ‚ö°,decodejar,https://twitter.com/twitter/statuses/1611855617467219968,23,125,2023-01-07,0.75,0.2,POSITIVE
1611856635844260096,ChatGPT,Wow ChatGPT ‚Äî note I didn‚Äôt mention #Bitcoin in the prompt https://t.co/BLYAL3Higg,Bruce Fenton üá∫üá∏,brucefenton,https://twitter.com/twitter/statuses/1611856635844259840,107,1014,2023-01-07,1.0,0.1,POSITIVE
1611859083862200064,Apple,"SZA continues dominating both album and song charts of US Apple Music after a month of release, despite new release‚Ä¶ https://t.co/vR60TJjbT4",Buzzing Pop,BuzzingPop,https://twitter.com/twitter/statuses/1611859083862196224,123,1644,2023-01-07,0.45454547,0.13636364,POSITIVE
1611864110244989952,ChatGPT,The iOS App Store is full of folks putting ChatGPT into a paid wrapper with ambiguous language that would let you b‚Ä¶ https://t.co/7ZPFt92AYH,Austen Allred,Austen,https://twitter.com/twitter/statuses/1611864110244990976,44,507,2023-01-07,0.55,0.35,POSITIVE
1611867180341019904,ChatGPT,üß† Sam Altman - CEO of OpenAI (ChatGPT) - on the Future of AI https://t.co/6XGjskIAEm,PiQ,PriapusIQ,https://twitter.com/twitter/statuses/1611867180341018626,33,113,2023-01-07,125.0,0.0,NEUTRAL
1611872119348140032,ChatGPT,"ChatGPT is the most powerful tool in the world.

But most people are using it wrong.

Here are 5 prompts you can st‚Ä¶ https://t.co/CJwSAB22Jr",Chase Dimond | Email Marketing Nerd üìß,ecomchasedimond,https://twitter.com/twitter/statuses/1611872119348137985,134,770,2023-01-07,725.0,0.2,POSITIVE
1611873935083340032,Apple,"January 07, 2003: Apple Introduces Keynote https://t.co/wG5VKsACF6",Basic Apple Guy,BasicAppleGuy,https://twitter.com/twitter/statuses/1611873935083335681,354,8699,2023-01-07,0.0,0.0,NEUTRAL
1611875354561420032,BTC,Looking for use cases for #Bitcoin in 2023? Take a look at all these ways here! Get your life on-chain today!‚Ä¶ https://t.co/0IXCjPQXHZ,BSC News,BSCNews,https://twitter.com/twitter/statuses/1611875354561417218,27,130,2023-01-08,0.0,0.0,NEUTRAL
1611878404265019904,ChatGPT,Receiving inquiries about this #ChatGPT phenomenon you illustrate. Since ChatGPT synthesizes already available info‚Ä¶ https://t.co/8J5U3ftmuS,Hindu American Foundation,HinduAmerican,https://twitter.com/twitter/statuses/1611878404265021441,265,685,2023-01-08,0.4,0.4,POSITIVE
1611879315364539904,BTC,"#EscapeFromTarkov **Buggy Price System??**

For the last several weeks, the price of Rouble/USD/EURO randomly chang‚Ä¶ https://t.co/kGX0ziWQQs",LogicalSolutions,LogicaISoIution,https://twitter.com/twitter/statuses/1611879315364544515,22,233,2023-01-08,0.18888889,-0.16666667,NEGATIVE
1611890431633100032,Apple,"From Fiona Apple &amp; @reneerapp to @chokest &amp; @BLACKPINK, watch the cast of #GinnyAndGeorgia built your new favorite‚Ä¶ https://t.co/nWBftPcAZE",MTV,MTV,https://twitter.com/twitter/statuses/1611890431633096706,108,560,2023-01-08,0.45454547,0.13636364,POSITIVE
1611892360778070016,BTC,I just watched $BTC range in a 50 cent range for a whole minute. Like wut,Ben Armstrong,Bitboy_Crypto,https://twitter.com/twitter/statuses/1611892360778072066,32,666,2023-01-08,0.4,0.2,POSITIVE
1611892390935119872,ChatGPT,"Imagine a person whose read every single book ever written, every article, every video and meanwhile it can recite‚Ä¶ https://t.co/9UxV6DTR9i",Patrick Bet-David,patrickbetdavid,https://twitter.com/twitter/statuses/1611892390935117824,445,4412,2023-01-08,0.21428572,-0.071428575,NEGATIVE
1611894467098990080,Apple,"Safari, Apple‚Äôs web browser, turns 20 years old today üåé‚ÄºÔ∏è https://t.co/08q9vxSvZ1",AppleTrack,appltrack,https://twitter.com/twitter/statuses/1611894467098992640,271,3556,2023-01-08,0.2,0.1,POSITIVE
1611896387846769920,Apple,"APPLE IN INDIA | Apple hires workers in India as it looks to open first flagship stores
https://t.co/AqmzlvM8bO",Nikkei Asia,NikkeiAsia,https://twitter.com/twitter/statuses/1611896387846766592,15,36,2023-01-08,0.41666666,125.0,POSITIVE
1611897932923699968,BTC,"What other #crypto should you add to your bag?‚úÖ

Three #Gems with a relatively high popularity on #DEX! üöÄüöÄüöÄ

üíé‚Ä¶ https://t.co/F7diLiPINg",ZKE Exchange,zke_com,https://twitter.com/twitter/statuses/1611897932923695105,31,80,2023-01-08,0.4575,0.0375,POSITIVE
1611898105049359872,Apple,"Take ownership of your future and #TradeCryptoSmarter with the #Telcoin App.
iOS: https://t.co/ktYXPcdNRL
Android:‚Ä¶ https://t.co/gavavBPV0A",Telcoin,telcoin,https://twitter.com/twitter/statuses/1611898105049358337,67,229,2023-01-08,125.0,0.0,NEUTRAL
1611900094298870016,BTC,"After dropping 75% from $69K to $16.93K,BTC's demise still has not seen an end.This type of sharp drop has happened‚Ä¶ https://t.co/HdmEmOaR8o",Kim H Wong,Time_and_Trade,https://twitter.com/twitter/statuses/1611900094298869760,80,528,2023-01-08,0.75,-125.0,NEGATIVE
1611903041116019968,Apple,"Some people seem concerned that adding a podcast means my newsletters will suffer. No chance.

Subscribe to the new‚Ä¶ https://t.co/wFN5HEt0Ww",Marc E. Elias,marceelias,https://twitter.com/twitter/statuses/1611903041116016645,258,1574,2023-01-08,0.0,0.0,NEUTRAL
1611903276160800000,BTC,How would 1 #BTC change your life today?,Davinci Jeremie,Davincij15,https://twitter.com/twitter/statuses/1611903276160802818,114,1201,2023-01-08,0.0,0.0,NEUTRAL
1611904845144900096,Apple,"We need a serious Church-style committee to investigate the abuses of power at DOJ, CIA, and the FBI. 

Don‚Äôt miss‚Ä¶ https://t.co/NR7lKPz0nn",Ted Cruz,tedcruz,https://twitter.com/twitter/statuses/1611904845144899585,1557,13249,2023-01-08,0.6666667,-0.33333334,NEGATIVE
1611913078253260032,BTC,"The top ten #cryptocurrencies make up approximately 88% of the #crypto market‚Äôs value! 

Purchase all the top ten c‚Ä¶ https://t.co/Mh4ynDU6OV",BitMart.Exchange,BitMartExchange,https://twitter.com/twitter/statuses/1611913078253260801,25,86,2023-01-08,0.32,0.1,POSITIVE
1611917348667259904,Apple,"üö® Russian media full of rumors #Apple and #Google (Android) will soon ""brick"" all devices inside #Russia.
Likely in‚Ä¶ https://t.co/iezuGYIkY4",Igor Sushko,igorsushko,https://twitter.com/twitter/statuses/1611917348667260929,860,3273,2023-01-08,0.51666665,0.11666667,POSITIVE
1611947156167960064,ChatGPT,A Princeton student built an app which can detect if ChatGPT wrote an essay to combat AI-based plagiarism‚Ä¶ https://t.co/W2Gouk1ht5,Sabine Hossenfelder,skdh,https://twitter.com/twitter/statuses/1611947156167958528,87,426,2023-01-08,0.0,0.0,NEUTRAL
1611978585686030080,BTC,I am pretty sure Bitcoin is broken right now. Watching these charts and watching $BTC literally stay in a $5 range‚Ä¶ https://t.co/T6913aEN6a,Ben Armstrong,Bitboy_Crypto,https://twitter.com/twitter/statuses/1611978585686028290,216,3215,2023-01-08,0.70615077,0.15892857,POSITIVE
1611981440581009920,Apple,‚ÄúWe found that a staggering 90% of people living with #LongCovid initially experienced only mild illness with COVID‚Ä¶ https://t.co/khEAUfmn0T,Dana Parish,danaparish,https://twitter.com/twitter/statuses/1611981440581013505,876,1960,2023-01-08,0.8,0.37777779,POSITIVE
1612014978243899904,BTC,"üó£Ô∏èDrop your #BNB¬†or #BTC address and make sure you are following me. üéØüî•üí∞

I'm feeling generous this Sunday morning.",John Squire,JuanfraEscudero,https://twitter.com/twitter/statuses/1612014978243895297,539,1406,2023-01-08,0.49444443,0.25,POSITIVE
1612039430793039872,BTC,"I‚Äôm long term BULLISH on 

#BTC¬† 
$MEE ‚öîÔ∏è
#ETH ü™´
#Rabbit2023 üê∞
#MATIC ü•è
#BNB¬† 
#KASTA ‚ö°Ô∏è
#PiNetwork  üß©
What about you üëÄ",Kristina Keller,Crypto__Diva,https://twitter.com/twitter/statuses/1612039430793039872,199,963,2023-01-08,0.4,-0.05,NEGATIVE
1612071976654230016,ChatGPT,"AIPRM - A Chrome Extension with ChatGPT Prompts for SEOs 

The AIPRM for SEO extension adds a list of curated promp‚Ä¶ https://t.co/3mgYN0DZbz",Aleyda Solis üá∫üá¶,aleyda,https://twitter.com/twitter/statuses/1612071976654225408,135,646,2023-01-08,0.0,0.0,NEUTRAL
1612079887983970048,BTC,"Robert Kiyosaki says that other than #BTC, the Unites States Securities and Exchange Commission (SEC) is probably g‚Ä¶ https://t.co/btn7HaLNxm",Bitcoin News,BTCTN,https://twitter.com/twitter/statuses/1612079887983968259,82,271,2023-01-08,0.4875,-0.1125,NEGATIVE
1612085234648120064,Apple,"Apple destroyed my 7-figure business, unjustly, and threatened to report me to the feds.

To clear my name, I had t‚Ä¶ https://t.co/WTHipiT8F6",Evan Rosenfeld,evanmr,https://twitter.com/twitter/statuses/1612085234648121346,515,3185,2023-01-08,0.38333333,0.1,POSITIVE
1612087552806109952,ChatGPT,"The emergence of A.I such as ChatGPT is about to transform the entire Creative Landscape as we know it.

Get ready Artists.
üëΩ",E.L,ELgh_,https://twitter.com/twitter/statuses/1612087552806109189,97,627,2023-01-08,0.65625,175.0,POSITIVE
1612098574019610112,ChatGPT,"ChatGPT is a FREE marketing assistant.

But most people don't know the best ways to use it

That's why I built this‚Ä¶ https://t.co/b40p3ZhS4v",Chris Cunningham,ChrisClickUp,https://twitter.com/twitter/statuses/1612098574019612674,8043,9050,2023-01-08,0.53333336,0.6333333,POSITIVE
1612102389057590016,ChatGPT,"üîé Are you looking for a powerful in-app messaging tool?

üí¨ ChatGPT Android, developed by @github_skydoves, might ju‚Ä¶ https://t.co/HoO3zm5XSe",Google Developers,googledevs,https://twitter.com/twitter/statuses/1612102389057593346,47,232,2023-01-08,0.65,0.2,POSITIVE
1612103952543399936,ChatGPT,"ChatGPT is a magic wand.

It can increase your productivity &amp; help you earn more money with just a wave.

Here are‚Ä¶ https://t.co/HTKrqOGOw7",The Aspiration Project,AspirationHQ,https://twitter.com/twitter/statuses/1612103952543404032,555,2508,2023-01-08,0.75,0.5,POSITIVE
1612104345511660032,ChatGPT,"I asked ChatGPT to give me 23 pieces of advice from a 90 year old

The results were amazing:",Legacy Builder,LegacyBuilder__,https://twitter.com/twitter/statuses/1612104345511657475,1743,8696,2023-01-08,0.55,0.35,POSITIVE
1612114404593520128,BTC,"Make sure to join our telegram channel for secret #giveaways - coming soonüòâ

üí∏ üíµ üí∞

üëâ https://t.co/e1pFWFA0Xh

- Jo‚Ä¶ https://t.co/1ROEqgG7xk",Gamdom.com,gamdom,https://twitter.com/twitter/statuses/1612114404593516545,1470,1485,2023-01-08,0.79444444,0.05,POSITIVE
1612118277312090112,BTC,"#Bitcoin just broke $17,000 üòé https://t.co/eAgwstOTXo",Bitcoin Archive,BTC_Archive,https://twitter.com/twitter/statuses/1612118277312086016,500,5439,2023-01-08,0.0,0.0,NEUTRAL
1612150040109129984,BTC,Take some time and have a look at these brilliant educational guides from @cryptocom Informative for beginners and‚Ä¶ https://t.co/ibiYuQLOTt,#JTSüåé‚ù§Ô∏èüá®üá¶üåû,JTS_Global,https://twitter.com/twitter/statuses/1612150040109129729,208,218,2023-01-08,625.0,575.0,POSITIVE
1612171464798619904,BTC,"Be patient. 
Just HODL #Bitcoin https://t.co/XSYI2s1rBa",Bitcoin Archive,BTC_Archive,https://twitter.com/twitter/statuses/1612171464798617601,687,4328,2023-01-08,0.0,0.0,NEUTRAL
1612171752356049920,ChatGPT,#ChatGPT spitting facts üó£Ô∏è https://t.co/TRALBS9GPt,Galatasaray EN,Galatasaray,https://twitter.com/twitter/statuses/1612171752356052992,601,7111,2023-01-08,0.0,0.0,NEUTRAL
1612173139043089920,Apple,"This comes days after a big AI audiobook announcement from Apple, part of a trend (which Google is also part of) th‚Ä¶ https://t.co/HDrVgkD18q",austin walker,austin_walker,https://twitter.com/twitter/statuses/1612173139043094528,466,1211,2023-01-08,0.1,0.0,NEUTRAL
1612174152299069952,Apple,".@wizkidayo‚Äôs ‚ÄúBad to Me‚Äù has surpassed 20 million streams on Apple Music! ü•É

Stream here: https://t.co/9KPE3zElTG https://t.co/19w92lR2o4",MLLE - OUT NOW!,WizkidSource,https://twitter.com/twitter/statuses/1612174152299065344,556,3244,2023-01-08,0.6666667,-875.0,NEGATIVE
1612182351940879872,Apple,"Apple &amp; Home Depot didn‚Äôt want to adopt racial equity audits, but they did and here‚Äôs why: BlackRock and other larg‚Ä¶ https://t.co/cvDpXWEGzg",Vivek Ramaswamy,VivekGRamaswamy,https://twitter.com/twitter/statuses/1612182351940882435,394,1577,2023-01-08,375.0,-125.0,NEGATIVE
1612200861945720064,Apple,Eli Apple wanted our camera to see this after the #Bengals 8th straight win. @fox19 https://t.co/uV2V4T62ea,Jeremy Rauch,FOX19Jeremy,https://twitter.com/twitter/statuses/1612200861945720833,1247,9130,2023-01-08,0.4,0.5,POSITIVE
1612249264650089984,BTC,"ü§ëTo celebrate this green week and start of 2023ü§ë 
Giving away $100 in $BTC and 1 month signals in GSIC to one lucky‚Ä¶ https://t.co/L6rAVfvnHV",‚ù£Ô∏èLisa N Edwards‚ù£Ô∏è,LisaNEdwards,https://twitter.com/twitter/statuses/1612249264650092544,369,389,2023-01-09,0.3,-0.2,NEGATIVE
1612253154044669952,ChatGPT,"ChatGPT will save your marketing team time and money if you know how to use it.

Here are 7 ways ChatGPT can power‚Ä¶ https://t.co/q6CptWNebL",Alex Garcia üîç,alexgarcia_atx,https://twitter.com/twitter/statuses/1612253154044674049,2050,11317,2023-01-09,0.0,0.0,NEUTRAL
1612305152312059904,Apple,"Be sure to go vote for #WarriorNun

#SaveWarriorNun APPLE TV SAVE WARRIOR NUN

https://t.co/vCXjrOB7VE",James Thompson,JamesThompsonKS,https://twitter.com/twitter/statuses/1612305152312057856,395,791,2023-01-09,0.8888889,0.5,POSITIVE
1612317958084389888,Apple,"Good night all! I hope Carl is haunting the dreams of execs at Netflix while Reya temps the execs at Apple, HBO and‚Ä¶ https://t.co/Du8hnZNIZC",James Thompson,JamesThompsonKS,https://twitter.com/twitter/statuses/1612317958084390913,201,719,2023-01-09,0.6,875.0,POSITIVE
1612325403531800064,Apple,"16 years ago today, Apple $AAPL CEO Steve Jobs introduced the iPhone. https://t.co/X9nVBvcZEj",Watcher.Guru,WatcherGuru,https://twitter.com/twitter/statuses/1612325403531804672,588,3359,2023-01-09,0.0,0.0,NEUTRAL
1612342139085779968,Apple,"16 years ago today, Steve Jobs unveiled Apple‚Äôs first iPhone. https://t.co/DalLoayrQs",Pop Crave,PopCrave,https://twitter.com/twitter/statuses/1612342139085783041,1202,16698,2023-01-09,0.33333334,0.25,POSITIVE
1612350968451980032,BTC,"üí≥ You can now buy crypto with your credit/debit card in the DeFi Wallet

üëâ Simply select https://t.co/vCNztATkNg Pa‚Ä¶ https://t.co/iB1JyKHY2K",Crypto.com,cryptocom,https://twitter.com/twitter/statuses/1612350968451981313,132,433,2023-01-09,0.35714287,0.0,NEUTRAL
1612391989802319872,Apple,"[Notice] SF9 12TH MINI ALBUM [THE PIECE OF9]

‚úî Apple Music : https://t.co/yjIfbwPmkr
‚úî Spotify :‚Ä¶ https://t.co/mbrnYoLJCz",SF9_FANCLUB,SF9_FANCLUB,https://twitter.com/twitter/statuses/1612391989802315778,685,1512,2023-01-09,0.0,0.0,NEUTRAL
1612414327276859904,Apple,"Apple is getting closer to opening its initial first-party-owned #AppleStore in India, and has started hiring worke‚Ä¶ https://t.co/wJwfrMwZtv",AppleInsider,appleinsider,https://twitter.com/twitter/statuses/1612414327276855297,444,2496,2023-01-09,0.0,0.0,NEUTRAL
1612421141380960000,BTC,BREAKING‚ÄºÔ∏è Intel's new #Bitcoin mining chips are now installed and LIVE in Hive Blockchain's operations.,Bitcoin Archive,BTC_Archive,https://twitter.com/twitter/statuses/1612421141380956160,358,2434,2023-01-09,0.47727272,0.13636364,POSITIVE
1612425579495559936,Apple,"On this day in 2007, Steve Jobs introduced the Apple iPhone at Macworld in San Francisco‚ÄºÔ∏èüì± https://t.co/4lIf0ZGdtL",Daily Loud,DailyLoud,https://twitter.com/twitter/statuses/1612425579495555072,686,5176,2023-01-09,0.0,0.0,NEUTRAL
1612441875973009920,ChatGPT,"I figured out the ultimate system for creating tweets with ChatGPT

Every prompt you need will be listed in this th‚Ä¶ https://t.co/V1V9Zkqpz7",NFT God,NFT_GOD,https://twitter.com/twitter/statuses/1612441875973013504,174,918,2023-01-09,1.0,0.0,NEUTRAL
1612451307490510080,ChatGPT,"Some students have started using ChatGPT, a text-based bot, to do their homework for them.

Now 22-year-old Edward‚Ä¶ https://t.co/lbrIkT1cZV",NPR,NPR,https://twitter.com/twitter/statuses/1612451307490508803,169,874,2023-01-09,0.0,0.0,NEUTRAL
1612466419660110080,BTC,"üó£Ô∏èIf #Bitcoin pumps to $22k by the end of January. I will give $1,000 BTC to one person who follows me and retweets this.",John Squire,JuanfraEscudero,https://twitter.com/twitter/statuses/1612466419660111877,674,730,2023-01-09,0.0,0.0,NEUTRAL
1612468180273829888,ChatGPT,"""ChatGPT, show me an example of peak cringe."" https://t.co/DeKUM2utEF",Rick Wilson,TheRickWilson,https://twitter.com/twitter/statuses/1612468180273831936,113,1523,2023-01-09,0.0,0.0,NEUTRAL
1612468318811699968,BTC,"We're giving away 5000 $QUAI. Check out how to enter below. üëá

#crypto #quai #quainetwork #defi #nft #btc #eth‚Ä¶ https://t.co/rIE8AQMFmG",Quai Networkü™ôü™ô,QuaiNetwork,https://twitter.com/twitter/statuses/1612468318811701251,2361,2565,2023-01-09,0.0,0.0,NEUTRAL
1612509689631200000,ChatGPT,"I just made a full guide on how to use ChatGPT to write UGC briefs.

This saves a lot of time &amp; money. Perfect for‚Ä¶ https://t.co/SThDhfygFW",Ammar,thebizsultan,https://twitter.com/twitter/statuses/1612509689631195137,110,133,2023-01-09,775.0,675.0,POSITIVE
